<application>
  <component name="MaterialThemeConfig">
    <option name="compactDropdowns" value="true" />
    <option name="fileIcons" value="false" />
    <option name="hideFileIcons" value="true" />
    <option name="isCompactMenus" value="true" />
    <option name="isCompactStatusBar" value="true" />
    <option name="isCompactTables" value="true" />
    <option name="isPsiIcons" value="false" />
    <option name="isWizardShown" value="true" />
    <option name="monochromeIcons" value="true" />
    <option name="pristineConfig" value="false" />
    <option name="settingsSelectedTab" value="2" />
    <option name="accentColor" value="e9a343" />
    <option name="selectedTheme" value="CUSTOM" />
    <option name="userId" value="276453c:16e05429cef:-8000" />
    <option name="version" value="3.10.0" />
  </component>
</application>