<application>
  <component name="MaterialThemeConfig">
    <option name="allowDataCollection" value="true" />
    <option name="fileIcons" value="false" />
    <option name="isContrastMode" value="true" />
    <option name="isDecoratedFolders" value="false" />
    <option name="isWizardShown" value="true" />
    <option name="monochromeIcons" value="true" />
    <option name="pristineConfig" value="false" />
    <option name="useMaterialIcons" value="false" />
    <option name="rightTreeIndent" value="6" />
    <option name="settingsSelectedTab" value="2" />
    <option name="accentColor" value="42a5f5" />
    <option name="selectedTheme" value="ARC_DARK" />
    <option name="userId" value="65a53753:16945761422:-8000" />
    <option name="version" value="3.5.0.1" />
  </component>
</application>