<keymap version="1" name="Default copy" parent="Mac OS X 10.5+">
  <action id="CompareTwoFiles" />
  <action id="Diff.ShowDiff" />
  <action id="Diff.ShowSettingsPopup" />
  <action id="EditorDecreaseFontSize">
    <keyboard-shortcut first-keystroke="ctrl minus" />
  </action>
  <action id="EditorDuplicate" />
  <action id="EditorIncreaseFontSize">
    <keyboard-shortcut first-keystroke="ctrl equals" />
  </action>
  <action id="EditorResetFontSize">
    <keyboard-shortcut first-keystroke="ctrl 0" />
  </action>
  <action id="FileChooser.GotoDesktop" />
  <action id="FindWordAtCaret">
    <keyboard-shortcut first-keystroke="shift meta d" />
  </action>
  <action id="GotoBookmark0" />
  <action id="Macro.Format and Save">
    <keyboard-shortcut first-keystroke="meta s" />
  </action>
  <action id="SaveAll" />
  <action id="SelectNextOccurrence">
    <keyboard-shortcut first-keystroke="meta d" />
  </action>
  <action id="SendEOF" />
  <action id="Uml.ShowDiff" />
  <action id="openAssertEqualsDiff" />
</keymap>